date,home,winner,loser,score
2018-10-16,Boston,Boston,Philadelphia,[105  87]
2018-10-16,Golden State,Golden State,Oklahoma City,[108 100]
2018-10-17,Charlotte,Milwaukee,Charlotte,[113 112]
2018-10-17,Detroit,Detroit,Brooklyn,[103 100]
2018-10-17,Houston,New Orleans,Houston,[131 112]
2018-10-17,Indiana,Indiana,Memphis,[111  83]
2018-10-17,LA Clippers,Denver,LA Clippers,[107  98]
2018-10-17,New York,New York,Atlanta,[126 107]
2018-10-17,Orlando,Orlando,Miami,[104 101]
2018-10-17,Phoenix,Phoenix,Dallas,[121 100]
2018-10-17,Sacramento,Utah,Sacramento,[123 117]
2018-10-17,San Antonio,San Antonio,Minnesota,[112 108]
2018-10-17,Toronto,Toronto,Cleveland,[116 104]
2018-10-18,Philadelphia,Philadelphia,Chicago,[127 108]
2018-10-18,Portland,Portland,LA Lakers,[128 119]
2018-10-18,Washington,Miami,Washington,[113 112]
2018-10-19,Brooklyn,Brooklyn,New York,[107 105]
2018-10-19,LA Clippers,LA Clippers,Oklahoma City,[108  92]
2018-10-19,Memphis,Memphis,Atlanta,[131 117]
2018-10-19,Milwaukee,Milwaukee,Indiana,[118 101]
2018-10-19,Minnesota,Minnesota,Cleveland,[131 123]
2018-10-19,New Orleans,New Orleans,Sacramento,[149 129]
2018-10-19,Orlando,Charlotte,Orlando,[120  88]
2018-10-19,Toronto,Toronto,Boston,[113 101]
2018-10-19,Utah,Golden State,Utah,[124 123]
2018-10-20,Chicago,Detroit,Chicago,[118 116]
2018-10-20,Dallas,Dallas,Minnesota,[140 136]
2018-10-20,Denver,Denver,Phoenix,[119  91]
2018-10-20,Indiana,Indiana,Brooklyn,[132 112]
2018-10-20,LA Lakers,Houston,LA Lakers,[124 115]
2018-10-20,Miami,Charlotte,Miami,[113 112]
2018-10-20,New York,Boston,New York,[103 101]
2018-10-20,Philadelphia,Philadelphia,Orlando,[116 115]
2018-10-20,Portland,Portland,San Antonio,[121 108]
2018-10-20,Washington,Toronto,Washington,[117 113]
2018-10-21,Cleveland,Atlanta,Cleveland,[133 111]
2018-10-21,Denver,Denver,Golden State,[100  98]
2018-10-21,LA Clippers,LA Clippers,Houston,[115 112]
2018-10-21,Oklahoma City,Sacramento,Oklahoma City,[131 120]
2018-10-22,Boston,Orlando,Boston,[93 90]
2018-10-22,Dallas,Dallas,Chicago,[115 109]
2018-10-22,Golden State,Golden State,Phoenix,[123 103]
2018-10-22,LA Lakers,San Antonio,LA Lakers,[143 142]
2018-10-22,Milwaukee,Milwaukee,New York,[124 113]
2018-10-22,Minnesota,Minnesota,Indiana,[101  91]
2018-10-22,Portland,Washington,Portland,[125 124]
2018-10-22,Toronto,Toronto,Charlotte,[127 106]
2018-10-22,Utah,Memphis,Utah,[92 84]
2018-10-23,Denver,Denver,Sacramento,[126 112]
2018-10-23,Detroit,Detroit,Philadelphia,[133 132]
2018-10-23,New Orleans,New Orleans,LA Clippers,[116 109]
2018-10-24,Atlanta,Atlanta,Dallas,[111 104]
2018-10-24,Chicago,Chicago,Charlotte,[112 110]
2018-10-24,Cleveland,Brooklyn,Cleveland,[102  86]
2018-10-24,Golden State,Golden State,Washington,[144 122]
2018-10-24,Houston,Utah,Houston,[100  89]
2018-10-24,Miami,Miami,New York,[110  87]
2018-10-24,Milwaukee,Milwaukee,Philadelphia,[123 108]
2018-10-24,Phoenix,LA Lakers,Phoenix,[131 113]
2018-10-24,Sacramento,Sacramento,Memphis,[97 92]
2018-10-24,San Antonio,Indiana,San Antonio,[116  96]
2018-10-24,Toronto,Toronto,Minnesota,[112 105]
2018-10-25,Detroit,Detroit,Cleveland,[110 103]
2018-10-25,LA Lakers,LA Lakers,Denver,[121 114]
2018-10-25,Oklahoma City,Boston,Oklahoma City,[101  95]
2018-10-25,Orlando,Portland,Orlando,[128 114]
2018-10-26,Charlotte,Charlotte,Chicago,[135 106]
2018-10-26,Houston,LA Clippers,Houston,[133 113]
2018-10-26,Minnesota,Milwaukee,Minnesota,[125  95]
2018-10-26,New Orleans,New Orleans,Brooklyn,[117 115]
2018-10-26,New York,Golden State,New York,[128 100]
2018-10-26,Sacramento,Sacramento,Washington,[116 112]
2018-10-26,Toronto,Toronto,Dallas,[116 107]
2018-10-27,Atlanta,Chicago,Atlanta,[97 85]
2018-10-27,Cleveland,Indiana,Cleveland,[119 107]
2018-10-27,Detroit,Boston,Detroit,[109  89]
2018-10-27,Memphis,Memphis,Phoenix,[117  96]
2018-10-27,Miami,Miami,Portland,[120 111]
2018-10-27,Milwaukee,Milwaukee,Orlando,[113  91]
2018-10-27,New Orleans,Utah,New Orleans,[132 111]
2018-10-27,Philadelphia,Philadelphia,Charlotte,[105 103]
2018-10-27,San Antonio,San Antonio,LA Lakers,[110 106]
2018-10-28,Brooklyn,Golden State,Brooklyn,[120 114]
2018-10-28,Dallas,Utah,Dallas,[113 104]
2018-10-28,LA Clippers,LA Clippers,Washington,[136 104]
2018-10-28,Oklahoma City,Oklahoma City,Phoenix,[117 110]
2018-10-29,Chicago,Golden State,Chicago,[149 124]
2018-10-29,Denver,Denver,New Orleans,[116 111]
2018-10-29,Indiana,Portland,Indiana,[103  93]
2018-10-29,Miami,Sacramento,Miami,[123 113]
2018-10-29,Milwaukee,Milwaukee,Toronto,[124 109]
2018-10-29,Minnesota,Minnesota,LA Lakers,[124 120]
2018-10-29,New York,New York,Brooklyn,[115  96]
2018-10-29,Philadelphia,Philadelphia,Atlanta,[113  92]
2018-10-29,San Antonio,San Antonio,Dallas,[113 108]
2018-10-30,Boston,Boston,Detroit,[108 105]
2018-10-30,Charlotte,Charlotte,Miami,[125 113]
2018-10-30,Cleveland,Cleveland,Atlanta,[136 114]
2018-10-30,Houston,Portland,Houston,[104  85]
2018-10-30,Memphis,Memphis,Washington,[107  95]
2018-10-30,Oklahoma City,Oklahoma City,LA Clippers,[128 110]
2018-10-30,Orlando,Sacramento,Orlando,[107  99]
2018-10-30,Toronto,Toronto,Philadelphia,[129 112]
2018-10-31,Brooklyn,Brooklyn,Detroit,[120 119]
2018-10-31,Chicago,Denver,Chicago,[108 107]
2018-10-31,Golden State,Golden State,New Orleans,[131 121]
2018-10-31,LA Lakers,LA Lakers,Dallas,[114 113]
2018-10-31,Minnesota,Minnesota,Utah,[128 125]
2018-10-31,New York,Indiana,New York,[107 101]
2018-10-31,Phoenix,San Antonio,Phoenix,[120  90]
2018-11-01,Atlanta,Sacramento,Atlanta,[146 115]
2018-11-01,Boston,Boston,Milwaukee,[117 113]
2018-11-01,Charlotte,Oklahoma City,Charlotte,[111 107]
2018-11-01,Cleveland,Denver,Cleveland,[110  91]
2018-11-01,Philadelphia,Philadelphia,LA Clippers,[122 113]
2018-11-01,Portland,Portland,New Orleans,[132 119]
2018-11-02,Brooklyn,Houston,Brooklyn,[119 111]
2018-11-02,Chicago,Indiana,Chicago,[107 105]
2018-11-02,Dallas,New York,Dallas,[118 106]
2018-11-02,Golden State,Golden State,Minnesota,[116  99]
2018-11-02,Orlando,LA Clippers,Orlando,[120  95]
2018-11-02,Phoenix,Toronto,Phoenix,[107  98]
2018-11-02,Utah,Memphis,Utah,[110 100]
2018-11-02,Washington,Oklahoma City,Washington,[134 111]
2018-11-03,Atlanta,Atlanta,Miami,[123 118]
2018-11-03,Chicago,Houston,Chicago,[96 88]
2018-11-03,Charlotte,Charlotte,Cleveland,[126  94]
2018-11-03,Denver,Denver,Utah,[103  88]
2018-11-03,Indiana,Indiana,Boston,[102 101]
2018-11-03,Philadelphia,Philadelphia,Detroit,[109  99]
2018-11-03,Portland,LA Lakers,Portland,[114 110]
2018-11-03,San Antonio,San Antonio,New Orleans,[109  95]
2018-11-04,Brooklyn,Brooklyn,Philadelphia,[122  97]
2018-11-04,LA Lakers,Toronto,LA Lakers,[121 107]
2018-11-04,Milwaukee,Milwaukee,Sacramento,[144 109]
2018-11-04,Phoenix,Phoenix,Memphis,[102 100]
2018-11-04,Portland,Portland,Minnesota,[111  81]
2018-11-04,San Antonio,Orlando,San Antonio,[117 110]
2018-11-04,Washington,Washington,New York,[108  95]
2018-11-05,Denver,Denver,Boston,[115 107]
2018-11-05,Detroit,Miami,Detroit,[120 115]
2018-11-05,Golden State,Golden State,Memphis,[117 101]
2018-11-05,Indiana,Houston,Indiana,[98 94]
2018-11-05,LA Clippers,LA Clippers,Minnesota,[120 109]
2018-11-05,New York,Chicago,New York,[116 115]
2018-11-05,Oklahoma City,Oklahoma City,New Orleans,[122 116]
2018-11-05,Orlando,Orlando,Cleveland,[102 100]
2018-11-05,Utah,Toronto,Utah,[124 111]
2018-11-06,Charlotte,Charlotte,Atlanta,[113 102]
2018-11-06,Dallas,Dallas,Washington,[119 100]
2018-11-06,Phoenix,Brooklyn,Phoenix,[104  82]
2018-11-06,Portland,Portland,Milwaukee,[118 103]
2018-11-07,Atlanta,New York,Atlanta,[112 107]
2018-11-07,Cleveland,Oklahoma City,Cleveland,[95 86]
2018-11-07,Indiana,Philadelphia,Indiana,[100  94]
2018-11-07,LA Lakers,LA Lakers,Minnesota,[114 110]
2018-11-07,Memphis,Memphis,Denver,[89 87]
2018-11-07,Miami,Miami,San Antonio,[95 88]
2018-11-07,New Orleans,New Orleans,Chicago,[107  98]
2018-11-07,Orlando,Detroit,Orlando,[103  96]
2018-11-07,Sacramento,Toronto,Sacramento,[114 105]
2018-11-07,Utah,Utah,Dallas,[117 102]
2018-11-08,Golden State,Milwaukee,Golden State,[134 111]
2018-11-08,Oklahoma City,Oklahoma City,Houston,[98 80]
2018-11-08,Phoenix,Boston,Phoenix,[116 109]
2018-11-08,Portland,Portland,LA Clippers,[116 105]
2018-11-09,Atlanta,Detroit,Atlanta,[124 109]
2018-11-09,Denver,Brooklyn,Denver,[112 110]
2018-11-09,Miami,Indiana,Miami,[110 102]
2018-11-09,Orlando,Orlando,Washington,[117 108]
2018-11-09,Philadelphia,Philadelphia,Charlotte,[133 132]
2018-11-09,Sacramento,Sacramento,Minnesota,[121 110]
2018-11-09,Utah,Utah,Boston,[123 115]
2018-11-10,Chicago,Chicago,Cleveland,[99 98]
2018-11-10,Dallas,Dallas,Oklahoma City,[111  96]
2018-11-10,Golden State,Golden State,Brooklyn,[116 100]
2018-11-10,LA Clippers,LA Clippers,Milwaukee,[128 126]
2018-11-10,Memphis,Memphis,Philadelphia,[112 106]
2018-11-10,Miami,Washington,Miami,[116 110]
2018-11-10,New Orleans,New Orleans,Phoenix,[119  99]
2018-11-10,Sacramento,LA Lakers,Sacramento,[101  86]
2018-11-10,San Antonio,San Antonio,Houston,[96 89]
2018-11-10,Toronto,Toronto,New York,[128 112]
2018-11-11,Denver,Milwaukee,Denver,[121 114]
2018-11-11,Detroit,Charlotte,Detroit,[113 103]
2018-11-11,Houston,Houston,Indiana,[115 103]
2018-11-11,LA Lakers,LA Lakers,Atlanta,[107 106]
2018-11-11,New York,Orlando,New York,[115  89]
2018-11-11,Portland,Portland,Boston,[100  94]
2018-11-12,Chicago,Dallas,Chicago,[103  98]
2018-11-12,LA Clippers,LA Clippers,Golden State,[121 116]
2018-11-12,Memphis,Utah,Memphis,[96 88]
2018-11-12,Miami,Philadelphia,Miami,[124 114]
2018-11-12,Minnesota,Minnesota,Brooklyn,[120 113]
2018-11-12,Oklahoma City,Oklahoma City,Phoenix,[118 101]
2018-11-12,Sacramento,Sacramento,San Antonio,[104  99]
2018-11-12,Toronto,New Orleans,Toronto,[126 110]
2018-11-12,Washington,Washington,Orlando,[117 109]
2018-11-13,Cleveland,Cleveland,Charlotte,[113  89]
2018-11-13,Denver,Houston,Denver,[109  99]
2018-11-13,Golden State,Golden State,Atlanta,[110 103]
2018-11-14,Boston,Boston,Chicago,[111  82]
2018-11-14,Brooklyn,Miami,Brooklyn,[120 107]
2018-11-14,Dallas,Dallas,Utah,[118  68]
2018-11-14,LA Lakers,LA Lakers,Portland,[126 117]
2018-11-14,Milwaukee,Memphis,Milwaukee,[116 113]
2018-11-14,Minnesota,Minnesota,New Orleans,[107 100]
2018-11-14,Oklahoma City,Oklahoma City,New York,[128 103]
2018-11-14,Orlando,Orlando,Philadelphia,[111 106]
2018-11-14,Phoenix,Phoenix,San Antonio,[116  96]
2018-11-14,Toronto,Detroit,Toronto,[106 104]
2018-11-14,Washington,Washington,Cleveland,[119  95]
2018-11-15,Denver,Denver,Atlanta,[138  93]
2018-11-15,Houston,Houston,Golden State,[107  86]
2018-11-15,LA Clippers,LA Clippers,San Antonio,[116 111]
2018-11-16,Boston,Boston,Toronto,[123 116]
2018-11-16,Indiana,Indiana,Miami,[99 91]
2018-11-16,Memphis,Memphis,Sacramento,[112 104]
2018-11-16,Milwaukee,Milwaukee,Chicago,[123 104]
2018-11-16,Minnesota,Minnesota,Portland,[112  96]
2018-11-16,New Orleans,New Orleans,New York,[129 124]
2018-11-16,Philadelphia,Philadelphia,Utah,[113 107]
2018-11-16,Washington,Brooklyn,Washington,[115 104]
2018-11-17,Boston,Utah,Boston,[98 86]
2018-11-17,Brooklyn,LA Clippers,Brooklyn,[127 119]
2018-11-17,Chicago,Toronto,Chicago,[122  83]
2018-11-17,Charlotte,Philadelphia,Charlotte,[122 119]
2018-11-17,Dallas,Dallas,Golden State,[112 109]
2018-11-17,Houston,Houston,Sacramento,[132 112]
2018-11-17,Indiana,Indiana,Atlanta,[97 89]
2018-11-17,New Orleans,New Orleans,Denver,[125 115]
2018-11-17,Orlando,Orlando,LA Lakers,[130 117]
2018-11-17,Phoenix,Oklahoma City,Phoenix,[110 100]
2018-11-18,Miami,LA Lakers,Miami,[113  97]
2018-11-18,Minnesota,Memphis,Minnesota,[100  87]
2018-11-18,Orlando,Orlando,New York,[131 117]
2018-11-18,San Antonio,San Antonio,Golden State,[104  92]
2018-11-18,Washington,Portland,Washington,[119 109]
2018-11-19,Atlanta,LA Clippers,Atlanta,[127 119]
2018-11-19,Charlotte,Charlotte,Boston,[117 112]
2018-11-19,Detroit,Detroit,Cleveland,[113 102]
2018-11-19,Indiana,Indiana,Utah,[121  94]
2018-11-19,Memphis,Memphis,Dallas,[98 88]
2018-11-19,Milwaukee,Milwaukee,Denver,[104  98]
2018-11-19,New Orleans,New Orleans,San Antonio,[140 126]
2018-11-19,Philadelphia,Philadelphia,Phoenix,[119 114]
2018-11-19,Sacramento,Sacramento,Oklahoma City,[117 113]
2018-11-20,Miami,Brooklyn,Miami,[104  92]
2018-11-20,New York,Portland,New York,[118 114]
2018-11-20,Orlando,Toronto,Orlando,[93 91]
2018-11-20,Washington,Washington,LA Clippers,[125 118]
2018-11-21,Atlanta,Toronto,Atlanta,[124 108]
2018-11-21,Boston,New York,Boston,[117 109]
2018-11-21,Chicago,Chicago,Phoenix,[124 116]
2018-11-21,Charlotte,Charlotte,Indiana,[127 109]
2018-11-21,Cleveland,LA Lakers,Cleveland,[109 105]
2018-11-21,Dallas,Dallas,Brooklyn,[119 113]
2018-11-21,Golden State,Oklahoma City,Golden State,[123  95]
2018-11-21,Houston,Houston,Detroit,[126 124]
2018-11-21,Milwaukee,Milwaukee,Portland,[143 100]
2018-11-21,Minnesota,Denver,Minnesota,[103 101]
2018-11-21,Philadelphia,Philadelphia,New Orleans,[121 120]
2018-11-21,San Antonio,Memphis,San Antonio,[104 103]
2018-11-21,Utah,Sacramento,Utah,[119 110]
2018-11-23,Atlanta,Boston,Atlanta,[114  96]
2018-11-23,Brooklyn,Minnesota,Brooklyn,[112 102]
2018-11-23,Chicago,Miami,Chicago,[103  96]
2018-11-23,Denver,Denver,Orlando,[112  87]
2018-11-23,Detroit,Detroit,Houston,[116 111]
2018-11-23,Golden State,Golden State,Portland,[125  97]
2018-11-23,Indiana,San Antonio,Indiana,[111 100]
2018-11-23,LA Clippers,LA Clippers,Memphis,[112 107]
2018-11-23,LA Lakers,LA Lakers,Utah,[90 83]
2018-11-23,Milwaukee,Phoenix,Milwaukee,[116 114]
2018-11-23,New York,New York,New Orleans,[114 109]
2018-11-23,Oklahoma City,Oklahoma City,Charlotte,[109 104]
2018-11-23,Philadelphia,Cleveland,Philadelphia,[121 112]
2018-11-23,Toronto,Toronto,Washington,[125 107]
2018-11-24,Cleveland,Cleveland,Houston,[117 108]
2018-11-24,Dallas,Dallas,Boston,[113 104]
2018-11-24,Golden State,Golden State,Sacramento,[117 116]
2018-11-24,Milwaukee,Milwaukee,San Antonio,[135 129]
2018-11-24,Minnesota,Minnesota,Chicago,[111  96]
2018-11-24,Oklahoma City,Denver,Oklahoma City,[105  98]
2018-11-24,Washington,Washington,New Orleans,[124 114]
2018-11-25,Atlanta,Atlanta,Charlotte,[124 123]
2018-11-25,Brooklyn,Philadelphia,Brooklyn,[127 125]
2018-11-25,Detroit,Detroit,Phoenix,[118 107]
2018-11-25,LA Lakers,Orlando,LA Lakers,[108 104]
2018-11-25,Memphis,New York,Memphis,[103  98]
2018-11-25,Portland,LA Clippers,Portland,[104 100]
2018-11-25,Sacramento,Utah,Sacramento,[133 112]
2018-11-25,Toronto,Toronto,Miami,[125 115]
2018-11-26,Chicago,San Antonio,Chicago,[108 107]
2018-11-26,Charlotte,Charlotte,Milwaukee,[110 107]
2018-11-26,Cleveland,Minnesota,Cleveland,[102  95]
2018-11-26,Golden State,Golden State,Orlando,[116 110]
2018-11-26,New Orleans,Boston,New Orleans,[124 107]
2018-11-26,Utah,Indiana,Utah,[121  88]
2018-11-26,Washington,Washington,Houston,[135 131]
2018-11-27,Denver,Denver,LA Lakers,[117  85]
2018-11-27,Detroit,Detroit,New York,[115 108]
2018-11-27,Memphis,Toronto,Memphis,[122 114]
2018-11-27,Miami,Atlanta,Miami,[115 113]
2018-11-27,Phoenix,Indiana,Phoenix,[109 104]
2018-11-28,Brooklyn,Utah,Brooklyn,[101  91]
2018-11-28,Charlotte,Charlotte,Atlanta,[108  94]
2018-11-28,Houston,Dallas,Houston,[128 108]
2018-11-28,LA Clippers,LA Clippers,Phoenix,[115  99]
2018-11-28,Milwaukee,Milwaukee,Chicago,[116 113]
2018-11-28,Minnesota,Minnesota,San Antonio,[128  89]
2018-11-28,New Orleans,New Orleans,Washington,[125 104]
2018-11-28,Oklahoma City,Oklahoma City,Cleveland,[100  83]
2018-11-28,Philadelphia,Philadelphia,New York,[117  91]
2018-11-28,Portland,Portland,Orlando,[115 112]
2018-11-29,LA Lakers,LA Lakers,Indiana,[104  96]
2018-11-29,Sacramento,LA Clippers,Sacramento,[133 121]
2018-11-29,Toronto,Toronto,Golden State,[131 128]
2018-11-30,Boston,Boston,Cleveland,[128  95]
2018-11-30,Brooklyn,Memphis,Brooklyn,[131 125]
2018-11-30,Charlotte,Utah,Charlotte,[119 111]
2018-11-30,Detroit,Detroit,Chicago,[107  88]
2018-11-30,LA Lakers,LA Lakers,Dallas,[114 103]
2018-11-30,Miami,Miami,New Orleans,[106 101]
2018-11-30,Oklahoma City,Oklahoma City,Atlanta,[124 109]
2018-11-30,Philadelphia,Philadelphia,Washington,[123  98]
2018-11-30,Phoenix,Orlando,Phoenix,[99 85]
2018-11-30,Portland,Denver,Portland,[113 112]
2018-11-30,San Antonio,Houston,San Antonio,[136 105]
2018-12-01,Cleveland,Toronto,Cleveland,[106  95]
2018-12-01,Detroit,Detroit,Golden State,[111 102]
2018-12-01,Houston,Houston,Chicago,[121 105]
2018-12-01,Minnesota,Boston,Minnesota,[118 109]
2018-12-01,New York,New York,Milwaukee,[136 134]
2018-12-01,Sacramento,Sacramento,Indiana,[111 110]
2018-12-01,Washington,Washington,Brooklyn,[102  88]
2018-12-02,Charlotte,New Orleans,Charlotte,[119 109]
2018-12-02,Dallas,Dallas,LA Clippers,[114 110]
2018-12-02,LA Lakers,LA Lakers,Phoenix,[120  96]
2018-12-02,Miami,Miami,Utah,[102 100]
2018-12-02,Philadelphia,Philadelphia,Memphis,[103  95]
2018-12-02,San Antonio,San Antonio,Portland,[131 118]
2018-12-03,Atlanta,Golden State,Atlanta,[128 111]
2018-12-03,Brooklyn,Cleveland,Brooklyn,[99 97]
2018-12-03,Detroit,Oklahoma City,Detroit,[110  83]
2018-12-03,Minnesota,Minnesota,Houston,[103  91]
2018-12-03,New Orleans,LA Clippers,New Orleans,[129 126]
2018-12-03,New York,Washington,New York,[110 107]
2018-12-03,Toronto,Denver,Toronto,[106 103]
2018-12-04,Dallas,Dallas,Portland,[111 102]
2018-12-04,Indiana,Indiana,Chicago,[96 90]
2018-12-04,Miami,Orlando,Miami,[105  90]
2018-12-04,Phoenix,Sacramento,Phoenix,[122 105]
2018-12-04,Utah,Utah,San Antonio,[139 105]
2018-12-05,Atlanta,Washington,Atlanta,[131 117]
2018-12-05,Brooklyn,Oklahoma City,Brooklyn,[114 112]
2018-12-05,Cleveland,Golden State,Cleveland,[129 105]
2018-12-05,LA Lakers,LA Lakers,San Antonio,[121 113]
2018-12-05,Memphis,Memphis,LA Clippers,[96 86]
2018-12-05,Milwaukee,Milwaukee,Detroit,[115  92]
2018-12-05,Minnesota,Minnesota,Charlotte,[121 104]
2018-12-05,New Orleans,New Orleans,Dallas,[132 106]
2018-12-05,Orlando,Denver,Orlando,[124 118]
2018-12-05,Toronto,Toronto,Philadelphia,[113 102]
2018-12-06,Boston,Boston,New York,[128 100]
2018-12-06,Portland,Portland,Phoenix,[108  86]
2018-12-06,Utah,Utah,Houston,[118  91]
2018-12-07,Brooklyn,Brooklyn,Toronto,[106 105]
2018-12-07,Chicago,Chicago,Oklahoma City,[114 112]
2018-12-07,Charlotte,Charlotte,Denver,[113 107]
2018-12-07,Cleveland,Sacramento,Cleveland,[129 110]
2018-12-07,Detroit,Philadelphia,Detroit,[117 111]
2018-12-07,Milwaukee,Golden State,Milwaukee,[105  95]
2018-12-07,New Orleans,Memphis,New Orleans,[107 103]
2018-12-07,Orlando,Indiana,Orlando,[112  90]
2018-12-07,Phoenix,Miami,Phoenix,[115  98]
2018-12-07,San Antonio,San Antonio,LA Lakers,[133 120]
2018-12-08,Atlanta,Atlanta,Denver,[106  98]
2018-12-08,Chicago,Boston,Chicago,[133  77]
2018-12-08,Cleveland,Cleveland,Washington,[116 101]
2018-12-08,Dallas,Dallas,Houston,[107 104]
2018-12-08,Indiana,Indiana,Sacramento,[107  97]
2018-12-08,LA Clippers,Miami,LA Clippers,[121  98]
2018-12-08,Memphis,LA Lakers,Memphis,[111  88]
2018-12-08,New York,Brooklyn,New York,[112 104]
2018-12-08,Portland,Portland,Minnesota,[113 105]
2018-12-09,Detroit,New Orleans,Detroit,[116 108]
2018-12-09,New York,Charlotte,New York,[119 107]
2018-12-09,San Antonio,San Antonio,Utah,[110  97]
2018-12-09,Toronto,Milwaukee,Toronto,[104  99]
2018-12-10,Boston,Boston,New Orleans,[113 100]
2018-12-10,Chicago,Sacramento,Chicago,[108  89]
2018-12-10,Dallas,Dallas,Orlando,[101  76]
2018-12-10,Denver,Denver,Memphis,[105  99]
2018-12-10,Golden State,Golden State,Minnesota,[116 108]
2018-12-10,Indiana,Indiana,Washington,[109 101]
2018-12-10,LA Lakers,LA Lakers,Miami,[108 105]
2018-12-10,Milwaukee,Milwaukee,Cleveland,[108  92]
2018-12-10,Oklahoma City,Oklahoma City,Utah,[122 113]
2018-12-10,Philadelphia,Philadelphia,Detroit,[116 102]
2018-12-10,Phoenix,LA Clippers,Phoenix,[123 119]
2018-12-11,Houston,Houston,Portland,[111 104]
2018-12-11,LA Clippers,Toronto,LA Clippers,[123  99]
2018-12-11,San Antonio,San Antonio,Phoenix,[111  86]
2018-12-12,Charlotte,Charlotte,Detroit,[108 107]
2018-12-12,Cleveland,Cleveland,New York,[113 106]
2018-12-12,Dallas,Dallas,Atlanta,[114 107]
2018-12-12,Golden State,Toronto,Golden State,[113  93]
2018-12-12,Indiana,Indiana,Milwaukee,[113  97]
2018-12-12,Memphis,Memphis,Portland,[92 83]
2018-12-12,New Orleans,New Orleans,Oklahoma City,[118 114]
2018-12-12,Philadelphia,Brooklyn,Philadelphia,[127 124]
2018-12-12,Sacramento,Sacramento,Minnesota,[141 130]
2018-12-12,Utah,Utah,Miami,[111  84]
2018-12-12,Washington,Boston,Washington,[130 125]
2018-12-13,Houston,Houston,LA Lakers,[126 111]
2018-12-13,Orlando,Orlando,Chicago,[97 91]
2018-12-13,Phoenix,Phoenix,Dallas,[99 89]
2018-12-13,San Antonio,San Antonio,LA Clippers,[125  87]
2018-12-14,Boston,Boston,Atlanta,[129 108]
2018-12-14,Brooklyn,Brooklyn,Washington,[125 118]
2018-12-14,Charlotte,New York,Charlotte,[126 124]
2018-12-14,Cleveland,Milwaukee,Cleveland,[114 102]
2018-12-14,Denver,Denver,Oklahoma City,[109  98]
2018-12-14,Memphis,Miami,Memphis,[100  97]
2018-12-14,Philadelphia,Indiana,Philadelphia,[113 101]
2018-12-14,Portland,Portland,Toronto,[128 122]
2018-12-14,Sacramento,Golden State,Sacramento,[130 125]
2018-12-15,Charlotte,LA Lakers,Charlotte,[128 100]
2018-12-15,Detroit,Detroit,Boston,[113 104]
2018-12-15,Memphis,Houston,Memphis,[105  97]
2018-12-15,Oklahoma City,Oklahoma City,LA Clippers,[110 104]
2018-12-15,Orlando,Orlando,Utah,[96 89]
2018-12-15,Phoenix,Phoenix,Minnesota,[107  99]
2018-12-15,San Antonio,Chicago,San Antonio,[98 93]
2018-12-16,Brooklyn,Brooklyn,Atlanta,[144 127]
2018-12-16,Cleveland,Philadelphia,Cleveland,[128 105]
2018-12-16,Dallas,Sacramento,Dallas,[120 113]
2018-12-16,Denver,Denver,Toronto,[95 86]
2018-12-16,Indiana,Indiana,New York,[110  99]
2018-12-16,New Orleans,Miami,New Orleans,[102  96]
2018-12-16,Washington,Washington,LA Lakers,[128 110]
2018-12-17,Detroit,Milwaukee,Detroit,[107 104]
2018-12-17,Golden State,Golden State,Memphis,[110  93]
2018-12-17,Houston,Houston,Utah,[102  97]
2018-12-17,LA Clippers,Portland,LA Clippers,[131 127]
2018-12-17,Minnesota,Minnesota,Sacramento,[132 105]
2018-12-17,New York,Phoenix,New York,[128 110]
2018-12-17,Oklahoma City,Oklahoma City,Chicago,[121  96]
2018-12-17,San Antonio,San Antonio,Philadelphia,[123  96]
2018-12-18,Atlanta,Atlanta,Washington,[118 110]
2018-12-18,Brooklyn,Brooklyn,LA Lakers,[115 110]
2018-12-18,Denver,Denver,Dallas,[126 118]
2018-12-18,Indiana,Cleveland,Indiana,[92 91]
2018-12-19,Boston,Phoenix,Boston,[111 103]
2018-12-19,Chicago,Brooklyn,Chicago,[96 93]
2018-12-19,Charlotte,Charlotte,Cleveland,[110  99]
2018-12-19,Houston,Houston,Washington,[136 118]
2018-12-19,Milwaukee,Milwaukee,New Orleans,[123 115]
2018-12-19,Minnesota,Detroit,Minnesota,[129 123]
2018-12-19,Orlando,San Antonio,Orlando,[129  90]
2018-12-19,Philadelphia,Philadelphia,New York,[131 109]
2018-12-19,Portland,Portland,Memphis,[99 92]
2018-12-19,Sacramento,Oklahoma City,Sacramento,[132 113]
2018-12-19,Toronto,Toronto,Indiana,[99 96]
2018-12-19,Utah,Utah,Golden State,[108 103]
2018-12-20,LA Clippers,LA Clippers,Dallas,[125 121]
2018-12-20,Miami,Miami,Houston,[101  99]
2018-12-21,Boston,Milwaukee,Boston,[120 107]
2018-12-21,Brooklyn,Indiana,Brooklyn,[114 106]
2018-12-21,Chicago,Chicago,Orlando,[90 80]
2018-12-21,Charlotte,Charlotte,Detroit,[98 86]
2018-12-21,LA Lakers,LA Lakers,New Orleans,[112 104]
2018-12-21,New York,Atlanta,New York,[114 107]
2018-12-21,Portland,Utah,Portland,[120  90]
2018-12-21,Sacramento,Sacramento,Memphis,[102  99]
2018-12-21,San Antonio,San Antonio,Minnesota,[124  98]
2018-12-21,Toronto,Toronto,Cleveland,[126 110]
2018-12-22,Golden State,Golden State,Dallas,[120 116]
2018-12-22,Houston,Houston,San Antonio,[108 101]
2018-12-22,LA Clippers,LA Clippers,Denver,[132 111]
2018-12-22,Miami,Miami,Milwaukee,[94 87]
2018-12-22,Philadelphia,Philadelphia,Toronto,[126 101]
2018-12-22,Utah,Oklahoma City,Utah,[107 106]
2018-12-22,Washington,Washington,Phoenix,[149 146]
2018-12-23,Boston,Boston,Charlotte,[119 103]
2018-12-23,Brooklyn,Brooklyn,Phoenix,[111 103]
2018-12-23,Cleveland,Chicago,Cleveland,[112  92]
2018-12-23,Detroit,Atlanta,Detroit,[98 95]
2018-12-23,Golden State,Golden State,LA Clippers,[129 127]
2018-12-23,Indiana,Indiana,Washington,[105  89]
2018-12-23,LA Lakers,Memphis,LA Lakers,[107  99]
2018-12-23,Oklahoma City,Minnesota,Oklahoma City,[114 112]
2018-12-23,Orlando,Miami,Orlando,[115  91]
2018-12-23,Portland,Portland,Dallas,[121 118]
2018-12-23,Sacramento,Sacramento,New Orleans,[122 117]
2018-12-25,Boston,Boston,Philadelphia,[121 114]
2018-12-25,Golden State,LA Lakers,Golden State,[127 101]
2018-12-25,Houston,Houston,Oklahoma City,[113 109]
2018-12-25,New York,Milwaukee,New York,[109  95]
2018-12-25,Utah,Utah,Portland,[117  96]
2018-12-26,Atlanta,Indiana,Atlanta,[129 121]
2018-12-26,Brooklyn,Brooklyn,Charlotte,[134 132]
2018-12-26,Chicago,Minnesota,Chicago,[119  94]
2018-12-26,Dallas,Dallas,New Orleans,[122 119]
2018-12-26,Detroit,Detroit,Washington,[106  95]
2018-12-26,LA Clippers,LA Clippers,Sacramento,[127 118]
2018-12-26,Memphis,Memphis,Cleveland,[95 87]
2018-12-26,Miami,Toronto,Miami,[106 104]
2018-12-26,Orlando,Phoenix,Orlando,[122 120]
2018-12-26,San Antonio,San Antonio,Denver,[111 103]
2018-12-27,Golden State,Portland,Golden State,[110 109]
2018-12-27,Houston,Houston,Boston,[127 113]
2018-12-27,Milwaukee,Milwaukee,New York,[112  96]
2018-12-27,Sacramento,Sacramento,LA Lakers,[117 116]
2018-12-27,Utah,Philadelphia,Utah,[114  97]
2018-12-28,Charlotte,Charlotte,Brooklyn,[100  87]
2018-12-28,Denver,Denver,San Antonio,[102  99]
2018-12-28,Indiana,Indiana,Detroit,[125  88]
2018-12-28,LA Lakers,LA Clippers,LA Lakers,[118 107]
2018-12-28,Miami,Miami,Cleveland,[118  94]
2018-12-28,Minnesota,Atlanta,Minnesota,[123 120]
2018-12-28,New Orleans,New Orleans,Dallas,[114 112]
2018-12-28,Orlando,Orlando,Toronto,[116  87]
2018-12-28,Phoenix,Oklahoma City,Phoenix,[118 102]
2018-12-28,Washington,Chicago,Washington,[101  92]
2018-12-29,Atlanta,Atlanta,Cleveland,[111 108]
2018-12-29,LA Clippers,San Antonio,LA Clippers,[122 111]
2018-12-29,Memphis,Boston,Memphis,[112 103]
2018-12-29,Milwaukee,Milwaukee,Brooklyn,[129 115]
2018-12-29,New Orleans,Houston,New Orleans,[108 104]
2018-12-29,Phoenix,Denver,Phoenix,[122 118]
2018-12-29,Portland,Golden State,Portland,[115 105]
2018-12-29,Utah,Utah,New York,[129  97]
2018-12-29,Washington,Washington,Charlotte,[130 126]
2018-12-30,Dallas,Dallas,Oklahoma City,[105 103]
2018-12-30,LA Lakers,LA Lakers,Sacramento,[121 114]
2018-12-30,Miami,Minnesota,Miami,[113 104]
2018-12-30,Orlando,Orlando,Detroit,[109 107]
2018-12-30,Portland,Portland,Philadelphia,[129  95]
2018-12-30,Toronto,Toronto,Chicago,[95 89]
2018-12-31,Charlotte,Charlotte,Orlando,[125 100]
2018-12-31,Houston,Houston,Memphis,[113 101]
2018-12-31,Indiana,Indiana,Atlanta,[116 108]
2018-12-31,New Orleans,New Orleans,Minnesota,[123 114]
2018-12-31,Oklahoma City,Oklahoma City,Dallas,[122 102]
2018-12-31,Phoenix,Golden State,Phoenix,[132 109]
2018-12-31,San Antonio,San Antonio,Boston,[120 111]
2019-01-01,Denver,Denver,New York,[115 108]
2019-01-01,LA Clippers,Philadelphia,LA Clippers,[119 113]
2019-01-01,Milwaukee,Milwaukee,Detroit,[121  98]
2019-01-01,Sacramento,Portland,Sacramento,[113 108]
2019-01-01,Toronto,Toronto,Utah,[122 116]
2019-01-02,Boston,Boston,Minnesota,[115 102]
2019-01-02,Brooklyn,Brooklyn,New Orleans,[126 121]
2019-01-02,Chicago,Orlando,Chicago,[112  84]
2019-01-02,Charlotte,Dallas,Charlotte,[122  84]
2019-01-02,Cleveland,Miami,Cleveland,[117  92]
2019-01-02,LA Lakers,Oklahoma City,LA Lakers,[107 100]
2019-01-02,Memphis,Detroit,Memphis,[101  94]
2019-01-02,Phoenix,Philadelphia,Phoenix,[132 127]
2019-01-02,Washington,Washington,Atlanta,[114  98]
2019-01-03,Golden State,Houston,Golden State,[135 134]
2019-01-03,Sacramento,Denver,Sacramento,[117 113]
2019-01-03,San Antonio,San Antonio,Toronto,[125 107]
2019-01-04,Boston,Boston,Dallas,[114  93]
2019-01-04,Chicago,Indiana,Chicago,[119 116]
2019-01-04,Cleveland,Utah,Cleveland,[117  91]
2019-01-04,LA Lakers,New York,LA Lakers,[119 112]
2019-01-04,Memphis,Brooklyn,Memphis,[109 100]
2019-01-04,Miami,Miami,Washington,[115 109]
2019-01-04,Milwaukee,Milwaukee,Atlanta,[144 112]
2019-01-04,Minnesota,Minnesota,Orlando,[120 103]
2019-01-04,Phoenix,LA Clippers,Phoenix,[121 111]
2019-01-04,Portland,Oklahoma City,Portland,[111 109]
2019-01-05,Cleveland,New Orleans,Cleveland,[133  98]
2019-01-05,Denver,Denver,Charlotte,[123 110]
2019-01-05,Detroit,Utah,Detroit,[110 105]
2019-01-05,Milwaukee,Toronto,Milwaukee,[123 116]
2019-01-05,Philadelphia,Philadelphia,Dallas,[106 100]
2019-01-05,Portland,Portland,Houston,[110 101]
2019-01-05,Sacramento,Golden State,Sacramento,[127 123]
2019-01-05,San Antonio,San Antonio,Memphis,[108  88]
2019-01-06,Atlanta,Atlanta,Miami,[106  82]
2019-01-06,Chicago,Brooklyn,Chicago,[117 100]
2019-01-06,LA Clippers,LA Clippers,Orlando,[106  96]
2019-01-06,Minnesota,Minnesota,LA Lakers,[108  86]
2019-01-06,Oklahoma City,Washington,Oklahoma City,[116  98]
2019-01-06,Phoenix,Charlotte,Phoenix,[119 113]
2019-01-06,Toronto,Toronto,Indiana,[121 105]
2019-01-07,Boston,Boston,Brooklyn,[116  95]
2019-01-07,Dallas,LA Lakers,Dallas,[107  97]
2019-01-07,Detroit,San Antonio,Detroit,[119 107]
2019-01-07,Houston,Houston,Denver,[125 113]
2019-01-07,Milwaukee,Milwaukee,Utah,[114 102]
2019-01-07,New Orleans,New Orleans,Memphis,[114  95]
2019-01-07,Portland,Portland,New York,[111 101]
2019-01-07,Sacramento,Sacramento,Orlando,[111  95]
2019-01-08,Cleveland,Indiana,Cleveland,[123 115]
2019-01-08,Golden State,Golden State,New York,[122  95]
2019-01-08,LA Clippers,LA Clippers,Charlotte,[128 109]
2019-01-08,Miami,Denver,Miami,[103  99]
2019-01-08,Oklahoma City,Minnesota,Oklahoma City,[119 117]
2019-01-08,Philadelphia,Philadelphia,Washington,[132 115]
2019-01-08,Phoenix,Phoenix,Sacramento,[115 111]
2019-01-08,Toronto,Toronto,Atlanta,[104 101]
2019-01-09,Boston,Boston,Indiana,[135 108]
2019-01-09,Brooklyn,Brooklyn,Atlanta,[116 100]
2019-01-09,Dallas,Dallas,Phoenix,[104  94]
2019-01-09,Houston,Milwaukee,Houston,[116 109]
2019-01-09,LA Lakers,LA Lakers,Detroit,[113 100]
2019-01-09,Memphis,Memphis,San Antonio,[96 86]
2019-01-09,New Orleans,New Orleans,Cleveland,[140 124]
2019-01-09,Portland,Portland,Chicago,[124 112]
2019-01-09,Utah,Utah,Orlando,[106  93]
2019-01-09,Washington,Washington,Philadelphia,[123 106]
2019-01-10,Denver,Denver,LA Clippers,[121 100]
2019-01-10,Miami,Miami,Boston,[115  99]
2019-01-10,Sacramento,Sacramento,Detroit,[112 102]
2019-01-10,San Antonio,San Antonio,Oklahoma City,[154 147]
2019-01-11,Golden State,Golden State,Chicago,[146 109]
2019-01-11,Houston,Houston,Cleveland,[141 113]
2019-01-11,Minnesota,Dallas,Minnesota,[119 115]
2019-01-11,New York,Indiana,New York,[121 106]
2019-01-11,Philadelphia,Atlanta,Philadelphia,[123 121]
2019-01-11,Portland,Portland,Charlotte,[127  96]
2019-01-11,Toronto,Toronto,Brooklyn,[122 105]
2019-01-11,Utah,Utah,LA Lakers,[113  95]
2019-01-11,Washington,Washington,Milwaukee,[113 106]
2019-01-12,LA Clippers,Detroit,LA Clippers,[109 104]
2019-01-12,Miami,Miami,Memphis,[112 108]
2019-01-12,Minnesota,Minnesota,New Orleans,[110 106]
2019-01-12,Oklahoma City,Oklahoma City,San Antonio,[122 112]
2019-01-12,Orlando,Orlando,Boston,[105 103]
2019-01-12,Phoenix,Phoenix,Denver,[102  93]
2019-01-12,Sacramento,Sacramento,Charlotte,[104  97]
2019-01-12,Utah,Utah,Chicago,[110 102]
2019-01-13,Atlanta,Milwaukee,Atlanta,[133 114]
2019-01-13,Dallas,Golden State,Dallas,[119 114]
2019-01-13,Denver,Denver,Portland,[116 113]
2019-01-13,LA Lakers,Cleveland,LA Lakers,[101  95]
2019-01-13,New York,Philadelphia,New York,[108 105]
2019-01-13,Orlando,Orlando,Houston,[116 109]
2019-01-13,Washington,Toronto,Washington,[140 138]
2019-01-14,Brooklyn,Brooklyn,Boston,[109 102]
2019-01-14,Houston,Houston,Memphis,[112  94]
2019-01-14,LA Clippers,New Orleans,LA Clippers,[121 117]
2019-01-14,Sacramento,Sacramento,Portland,[115 107]
2019-01-14,San Antonio,Charlotte,San Antonio,[108  93]
2019-01-14,Utah,Utah,Detroit,[100  94]
2019-01-15,Atlanta,Atlanta,Oklahoma City,[142 126]
2019-01-15,Denver,Golden State,Denver,[142 111]
2019-01-15,Indiana,Indiana,Phoenix,[131  97]
2019-01-15,LA Lakers,LA Lakers,Chicago,[107 100]
2019-01-15,Milwaukee,Milwaukee,Miami,[124  86]
2019-01-15,Philadelphia,Philadelphia,Minnesota,[149 107]
2019-01-16,Boston,Boston,Toronto,[117 108]
2019-01-16,Dallas,San Antonio,Dallas,[105 101]
2019-01-16,Detroit,Detroit,Orlando,[120 115]
2019-01-16,Golden State,Golden State,New Orleans,[147 140]
2019-01-16,Houston,Brooklyn,Houston,[145 142]
2019-01-16,LA Clippers,Utah,LA Clippers,[129 109]
2019-01-16,Memphis,Milwaukee,Memphis,[111 101]
2019-01-16,Portland,Portland,Cleveland,[129 112]
2019-01-17,Charlotte,Charlotte,Sacramento,[114  95]
2019-01-17,Denver,Denver,Chicago,[135 105]
2019-01-17,Indiana,Philadelphia,Indiana,[120  96]
2019-01-17,Oklahoma City,LA Lakers,Oklahoma City,[138 128]
2019-01-17,Toronto,Toronto,Phoenix,[111 109]
2019-01-17,Washington,Washington,New York,[101 100]
2019-01-18,Boston,Boston,Memphis,[122 116]
2019-01-18,Detroit,Detroit,Miami,[98 93]
2019-01-18,LA Clippers,Golden State,LA Clippers,[112  94]
2019-01-18,Minnesota,San Antonio,Minnesota,[116 113]
2019-01-18,Orlando,Brooklyn,Orlando,[117 115]
2019-01-18,Portland,Portland,New Orleans,[128 112]
2019-01-18,Utah,Utah,Cleveland,[115  99]
2019-01-19,Atlanta,Boston,Atlanta,[113 105]
2019-01-19,Chicago,Miami,Chicago,[117 103]
2019-01-19,Charlotte,Charlotte,Phoenix,[135 115]
2019-01-19,Denver,Denver,Cleveland,[124 102]
2019-01-19,Detroit,Sacramento,Detroit,[103 101]
2019-01-19,Houston,Houston,LA Lakers,[138 134]
2019-01-19,Indiana,Indiana,Dallas,[111  99]
2019-01-19,Orlando,Milwaukee,Orlando,[118 108]
2019-01-19,Philadelphia,Oklahoma City,Philadelphia,[117 115]
2019-01-19,Toronto,Toronto,Memphis,[119  90]
2019-01-20,Indiana,Indiana,Charlotte,[120  95]
2019-01-20,Minnesota,Minnesota,Phoenix,[116 114]
2019-01-20,San Antonio,LA Clippers,San Antonio,[103  95]
2019-01-21,Atlanta,Orlando,Atlanta,[122 103]
2019-01-21,Boston,Boston,Miami,[107  99]
2019-01-21,Brooklyn,Brooklyn,Sacramento,[123  94]
2019-01-21,Cleveland,Chicago,Cleveland,[104  88]
2019-01-21,LA Lakers,Golden State,LA Lakers,[130 111]
2019-01-21,Memphis,New Orleans,Memphis,[105  85]
2019-01-21,Milwaukee,Milwaukee,Dallas,[116 106]
2019-01-21,New York,Oklahoma City,New York,[127 109]
2019-01-21,Philadelphia,Philadelphia,Houston,[121  93]
2019-01-21,Utah,Portland,Utah,[109 104]
2019-01-21,Washington,Washington,Detroit,[101  87]
2019-01-22,Dallas,Dallas,LA Clippers,[106  98]
2019-01-22,Oklahoma City,Oklahoma City,Portland,[123 114]
2019-01-22,Phoenix,Minnesota,Phoenix,[118  91]
2019-01-22,Toronto,Toronto,Sacramento,[120 105]
2019-01-23,Boston,Boston,Cleveland,[123 103]
2019-01-23,Brooklyn,Brooklyn,Orlando,[114 110]
2019-01-23,Chicago,Atlanta,Chicago,[121 101]
2019-01-23,Indiana,Indiana,Toronto,[110 106]
2019-01-23,Memphis,Charlotte,Memphis,[118 107]
2019-01-23,Miami,LA Clippers,Miami,[111  99]
2019-01-23,New Orleans,Detroit,New Orleans,[98 94]
2019-01-23,New York,Houston,New York,[114 110]
2019-01-23,Philadelphia,Philadelphia,San Antonio,[122 120]
2019-01-23,Utah,Utah,Denver,[114 108]
2019-01-24,LA Lakers,Minnesota,LA Lakers,[120 105]
2019-01-24,Oklahoma City,Oklahoma City,New Orleans,[122 116]
2019-01-24,Phoenix,Portland,Phoenix,[120 106]
2019-01-24,Washington,Golden State,Washington,[126 118]
2019-01-25,Brooklyn,Brooklyn,New York,[109  99]
2019-01-25,Chicago,LA Clippers,Chicago,[106 101]
2019-01-25,Cleveland,Miami,Cleveland,[100  94]
2019-01-25,Dallas,Dallas,Detroit,[106 101]
2019-01-25,Denver,Denver,Phoenix,[132  95]
2019-01-25,Houston,Houston,Toronto,[121 119]
2019-01-25,Memphis,Sacramento,Memphis,[99 96]
2019-01-25,Milwaukee,Milwaukee,Charlotte,[108  99]
2019-01-25,Orlando,Washington,Orlando,[95 91]
2019-01-25,Utah,Utah,Minnesota,[106 102]
2019-01-26,Boston,Golden State,Boston,[115 111]
2019-01-26,Denver,Denver,Philadelphia,[126 110]
2019-01-26,Memphis,Memphis,Indiana,[106 103]
2019-01-26,New Orleans,San Antonio,New Orleans,[126 114]
2019-01-26,Portland,Portland,Atlanta,[120 111]
2019-01-27,Chicago,Cleveland,Chicago,[104 101]
2019-01-27,Dallas,Toronto,Dallas,[123 120]
2019-01-27,Houston,Houston,Orlando,[103  98]
2019-01-27,LA Clippers,LA Clippers,Sacramento,[122 108]
2019-01-27,LA Lakers,LA Lakers,Phoenix,[116 102]
2019-01-27,Minnesota,Utah,Minnesota,[125 111]
2019-01-27,New York,Miami,New York,[106  97]
2019-01-27,Oklahoma City,Oklahoma City,Milwaukee,[118 112]
2019-01-27,San Antonio,San Antonio,Washington,[132 119]
2019-01-28,Boston,Boston,Brooklyn,[112 104]
2019-01-28,Charlotte,Charlotte,New York,[101  92]
2019-01-28,Indiana,Golden State,Indiana,[132 100]
2019-01-28,LA Clippers,Atlanta,LA Clippers,[123 118]
2019-01-28,Memphis,Denver,Memphis,[95 92]
2019-01-29,Brooklyn,Brooklyn,Chicago,[122 117]
2019-01-29,Cleveland,Cleveland,Washington,[116 113]
2019-01-29,Detroit,Milwaukee,Detroit,[115 105]
2019-01-29,Houston,New Orleans,Houston,[121 116]
2019-01-29,LA Lakers,Philadelphia,LA Lakers,[121 105]
2019-01-29,Orlando,Oklahoma City,Orlando,[126 117]
2019-01-29,San Antonio,San Antonio,Phoenix,[126 124]
2019-01-30,Boston,Boston,Charlotte,[126  94]
2019-01-30,Miami,Chicago,Miami,[105  89]
2019-01-30,Minnesota,Minnesota,Memphis,[99 97]
2019-01-30,New Orleans,Denver,New Orleans,[105  99]
2019-01-30,New York,Dallas,New York,[114  90]
2019-01-30,Portland,Portland,Utah,[132 105]
2019-01-30,Sacramento,Sacramento,Atlanta,[135 113]
2019-01-30,Washington,Washington,Indiana,[107  89]
2019-01-31,Detroit,Detroit,Dallas,[93 89]
2019-01-31,Golden State,Philadelphia,Golden State,[113 104]
2019-01-31,LA Clippers,LA Lakers,LA Clippers,[123 120]
2019-01-31,Orlando,Orlando,Indiana,[107 100]
2019-01-31,San Antonio,San Antonio,Brooklyn,[117 114]
2019-01-31,Toronto,Milwaukee,Toronto,[105  92]
2019-02-01,Charlotte,Charlotte,Memphis,[100  92]
2019-02-01,Denver,Denver,Houston,[136 122]
2019-02-01,Miami,Oklahoma City,Miami,[118 102]
2019-02-01,New York,Boston,New York,[113  99]
2019-02-01,Utah,Utah,Atlanta,[128 112]
2019-02-02,Charlotte,Charlotte,Chicago,[125 118]
2019-02-02,Cleveland,Dallas,Cleveland,[111  98]
2019-02-02,Detroit,LA Clippers,Detroit,[111 101]
2019-02-02,Golden State,Golden State,LA Lakers,[115 101]
2019-02-02,Miami,Indiana,Miami,[95 88]
2019-02-02,Minnesota,Denver,Minnesota,[107 106]
2019-02-02,Orlando,Orlando,Brooklyn,[102  89]
2019-02-02,Phoenix,Atlanta,Phoenix,[118 112]
2019-02-02,Sacramento,Sacramento,Philadelphia,[115 108]
2019-02-02,San Antonio,San Antonio,New Orleans,[113 108]
2019-02-02,Utah,Houston,Utah,[125  98]
2019-02-02,Washington,Milwaukee,Washington,[131 115]
2019-02-03,Boston,Boston,Oklahoma City,[134 129]
2019-02-03,New York,Memphis,New York,[96 84]
2019-02-03,Toronto,Toronto,LA Clippers,[121 103]
2019-02-04,Brooklyn,Milwaukee,Brooklyn,[113  94]
2019-02-04,Detroit,Detroit,Denver,[129 103]
2019-02-04,New Orleans,Indiana,New Orleans,[109 107]
2019-02-04,Phoenix,Houston,Phoenix,[118 110]
2019-02-04,Sacramento,Sacramento,San Antonio,[127 112]
2019-02-04,Washington,Atlanta,Washington,[137 129]
2019-02-05,Charlotte,LA Clippers,Charlotte,[117 115]
2019-02-05,Cleveland,Boston,Cleveland,[103  96]
2019-02-05,Indiana,Indiana,LA Lakers,[136  94]
2019-02-05,Memphis,Memphis,Minnesota,[108 106]
2019-02-05,New York,Detroit,New York,[105  92]
2019-02-05,Oklahoma City,Oklahoma City,Orlando,[132 122]
2019-02-05,Philadelphia,Toronto,Philadelphia,[119 107]
2019-02-05,Portland,Miami,Portland,[118 108]
2019-02-06,Brooklyn,Brooklyn,Denver,[135 130]
2019-02-06,Chicago,New Orleans,Chicago,[125 120]
2019-02-06,Dallas,Dallas,Charlotte,[99 93]
2019-02-06,Golden State,Golden State,San Antonio,[141 102]
2019-02-06,Milwaukee,Milwaukee,Washington,[148 129]
2019-02-06,Sacramento,Houston,Sacramento,[127 101]
2019-02-06,Utah,Utah,Phoenix,[116  88]
2019-02-07,Atlanta,Toronto,Atlanta,[119 101]
2019-02-07,Boston,LA Lakers,Boston,[129 128]
2019-02-07,Indiana,Indiana,LA Clippers,[116  92]
2019-02-07,Oklahoma City,Oklahoma City,Memphis,[117  95]
2019-02-07,Orlando,Orlando,Minnesota,[122 112]
2019-02-07,Portland,Portland,San Antonio,[127 118]
2019-02-08,Brooklyn,Chicago,Brooklyn,[125 106]
2019-02-08,Dallas,Milwaukee,Dallas,[122 107]
2019-02-08,Detroit,Detroit,New York,[120 103]
2019-02-08,New Orleans,New Orleans,Minnesota,[122 117]
2019-02-08,Philadelphia,Philadelphia,Denver,[117 110]
2019-02-08,Phoenix,Golden State,Phoenix,[117 107]
2019-02-08,Sacramento,Sacramento,Miami,[102  96]
2019-02-08,Washington,Washington,Cleveland,[119 106]
2019-02-09,Atlanta,Charlotte,Atlanta,[129 120]
2019-02-09,Boston,LA Clippers,Boston,[123 112]
2019-02-09,Chicago,Washington,Chicago,[134 125]
2019-02-09,Houston,Oklahoma City,Houston,[117 112]
2019-02-09,Indiana,Indiana,Cleveland,[105  90]
2019-02-09,Memphis,Memphis,New Orleans,[99 90]
2019-02-09,Milwaukee,Orlando,Milwaukee,[103  83]
2019-02-09,New York,Toronto,New York,[104  99]
2019-02-09,Utah,Utah,San Antonio,[125 105]
2019-02-10,Atlanta,Orlando,Atlanta,[124 108]
2019-02-10,Dallas,Dallas,Portland,[102 101]
2019-02-10,Golden State,Golden State,Miami,[120 118]
2019-02-10,Philadelphia,Philadelphia,LA Lakers,[143 120]
2019-02-10,Sacramento,Sacramento,Phoenix,[117 104]
2019-02-11,Chicago,Milwaukee,Chicago,[112  99]
2019-02-11,Cleveland,Cleveland,New York,[107 104]
2019-02-11,Denver,Denver,Miami,[103  87]
2019-02-11,Detroit,Detroit,Washington,[121 112]
2019-02-11,Houston,Houston,Dallas,[120 104]
2019-02-11,Indiana,Indiana,Charlotte,[99 90]
2019-02-11,Minnesota,Minnesota,LA Clippers,[130 120]
2019-02-11,Oklahoma City,Oklahoma City,Portland,[120 111]
2019-02-11,Toronto,Toronto,Brooklyn,[127 125]
2019-02-12,Atlanta,Atlanta,LA Lakers,[117 113]
2019-02-12,Golden State,Golden State,Utah,[115 108]
2019-02-12,Memphis,San Antonio,Memphis,[108 107]
2019-02-12,New Orleans,Orlando,New Orleans,[118  88]
2019-02-12,Philadelphia,Boston,Philadelphia,[112 109]
2019-02-13,Boston,Boston,Detroit,[118 110]
2019-02-13,Chicago,Chicago,Memphis,[122 110]
2019-02-13,Cleveland,Brooklyn,Cleveland,[148 139]
2019-02-13,Dallas,Miami,Dallas,[112 101]
2019-02-13,Denver,Denver,Sacramento,[120 118]
2019-02-13,Indiana,Milwaukee,Indiana,[106  97]
2019-02-13,LA Clippers,LA Clippers,Phoenix,[134 107]
2019-02-13,Minnesota,Minnesota,Houston,[121 111]
2019-02-13,New York,Philadelphia,New York,[126 111]
2019-02-13,Portland,Portland,Golden State,[129 107]
2019-02-13,Toronto,Toronto,Washington,[129 120]
2019-02-14,Atlanta,New York,Atlanta,[106  91]
2019-02-14,New Orleans,New Orleans,Oklahoma City,[131 122]
2019-02-14,Orlando,Orlando,Charlotte,[127  89]
2019-02-21,Brooklyn,Portland,Brooklyn,[113  99]
2019-02-21,Cleveland,Cleveland,Phoenix,[111  98]
2019-02-21,Golden State,Golden State,Sacramento,[125 123]
2019-02-21,LA Lakers,LA Lakers,Houston,[111 106]
2019-02-21,Milwaukee,Milwaukee,Boston,[98 97]
2019-02-21,Philadelphia,Philadelphia,Miami,[106 102]
2019-02-22,Atlanta,Detroit,Atlanta,[125 122]
2019-02-22,Charlotte,Charlotte,Washington,[123 110]
2019-02-22,Dallas,Denver,Dallas,[114 104]
2019-02-22,Indiana,Indiana,New Orleans,[126 111]
2019-02-22,Memphis,LA Clippers,Memphis,[112 106]
2019-02-22,New York,Minnesota,New York,[115 104]
2019-02-22,Oklahoma City,Oklahoma City,Utah,[148 147]
2019-02-22,Orlando,Chicago,Orlando,[110 109]
2019-02-22,Toronto,Toronto,San Antonio,[120 117]
2019-02-23,Atlanta,Atlanta,Phoenix,[120 112]
2019-02-23,Chicago,Chicago,Boston,[126 116]
2019-02-23,Charlotte,Brooklyn,Charlotte,[117 115]
2019-02-23,Cleveland,Cleveland,Memphis,[112 107]
2019-02-23,Golden State,Houston,Golden State,[118 112]
2019-02-23,Miami,Detroit,Miami,[119  96]
2019-02-23,Milwaukee,Milwaukee,Minnesota,[140 128]
2019-02-23,New Orleans,New Orleans,LA Lakers,[128 115]
2019-02-23,Oklahoma City,Sacramento,Oklahoma City,[119 116]
2019-02-23,Philadelphia,Portland,Philadelphia,[130 115]
2019-02-23,Utah,Utah,Dallas,[125 109]
2019-02-23,Washington,Indiana,Washington,[119 112]
2019-02-24,Denver,Denver,LA Clippers,[123  96]
2019-02-24,New York,New York,San Antonio,[130 118]
2019-02-24,Toronto,Orlando,Toronto,[113  98]
2019-02-25,Brooklyn,Brooklyn,San Antonio,[101  85]
2019-02-25,Chicago,Milwaukee,Chicago,[117 106]
2019-02-25,Charlotte,Golden State,Charlotte,[121 110]
2019-02-25,Cleveland,Portland,Cleveland,[123 110]
2019-02-25,Detroit,Detroit,Indiana,[113 109]
2019-02-25,Houston,Houston,Atlanta,[119 111]
2019-02-25,LA Clippers,LA Clippers,Dallas,[121 112]
2019-02-25,Memphis,Memphis,LA Lakers,[110 105]
2019-02-25,Miami,Phoenix,Miami,[124 121]
2019-02-25,Minnesota,Minnesota,Sacramento,[112 105]
2019-02-25,New Orleans,Philadelphia,New Orleans,[111 110]
2019-02-26,Denver,Denver,Oklahoma City,[121 112]
2019-02-26,New York,New York,Orlando,[108 103]
2019-02-26,Toronto,Toronto,Boston,[118  95]
2019-02-27,Atlanta,Atlanta,Minnesota,[131 123]
2019-02-27,Boston,Portland,Boston,[97 92]
2019-02-27,Brooklyn,Washington,Brooklyn,[125 116]
2019-02-27,Charlotte,Houston,Charlotte,[118 113]
2019-02-27,Dallas,Dallas,Indiana,[110 101]
2019-02-27,LA Lakers,LA Lakers,New Orleans,[125 119]
2019-02-27,Memphis,Chicago,Memphis,[109 107]
2019-02-27,Miami,Miami,Golden State,[126 125]
2019-02-27,Sacramento,Milwaukee,Sacramento,[141 140]
2019-02-27,San Antonio,San Antonio,Detroit,[105  93]
2019-02-27,Utah,Utah,LA Clippers,[111 105]
2019-02-28,Denver,Utah,Denver,[111 104]
2019-02-28,Houston,Houston,Miami,[121 118]
2019-02-28,Indiana,Indiana,Minnesota,[122 115]
2019-02-28,New York,Cleveland,New York,[125 118]
2019-02-28,Oklahoma City,Philadelphia,Oklahoma City,[108 104]
2019-02-28,Orlando,Orlando,Golden State,[103  96]
2019-03-01,Atlanta,Chicago,Atlanta,[168 161]
2019-03-01,Boston,Boston,Washington,[107  96]
2019-03-01,Brooklyn,Charlotte,Brooklyn,[123 112]
2019-03-01,LA Lakers,Milwaukee,LA Lakers,[131 120]
2019-03-01,Phoenix,New Orleans,Phoenix,[130 116]
2019-03-01,Sacramento,LA Clippers,Sacramento,[116 109]
2019-03-01,Toronto,Toronto,Portland,[119 117]
2019-03-02,Cleveland,Detroit,Cleveland,[129  93]
2019-03-02,Dallas,Memphis,Dallas,[111  81]
2019-03-02,Denver,New Orleans,Denver,[120 112]
2019-03-02,Indiana,Orlando,Indiana,[117 112]
2019-03-02,Miami,Miami,Brooklyn,[117  88]
2019-03-02,Philadelphia,Golden State,Philadelphia,[120 117]
2019-03-02,Phoenix,Phoenix,LA Lakers,[118 109]
2019-03-02,San Antonio,San Antonio,Oklahoma City,[116 102]
2019-03-02,Utah,Utah,Milwaukee,[115 111]
2019-03-03,Boston,Houston,Boston,[115 104]
2019-03-03,Chicago,Atlanta,Chicago,[123 118]
2019-03-03,Charlotte,Portland,Charlotte,[118 108]
2019-03-03,Cleveland,Cleveland,Orlando,[107  93]
2019-03-03,Detroit,Detroit,Toronto,[112 107]
2019-03-03,LA Clippers,LA Clippers,New York,[128 107]
2019-03-03,Oklahoma City,Oklahoma City,Memphis,[99 95]
2019-03-03,Washington,Washington,Minnesota,[135 121]
2019-03-04,Brooklyn,Brooklyn,Dallas,[127  88]
2019-03-04,LA Lakers,LA Clippers,LA Lakers,[113 105]
2019-03-04,Miami,Miami,Atlanta,[114 113]
2019-03-04,Phoenix,Phoenix,Milwaukee,[114 105]
2019-03-04,Sacramento,Sacramento,New York,[115 108]
2019-03-04,San Antonio,San Antonio,Denver,[104 103]
2019-03-04,Utah,New Orleans,Utah,[115 112]
2019-03-05,Golden State,Boston,Golden State,[128  95]
2019-03-05,Indiana,Indiana,Chicago,[105  96]
2019-03-05,Memphis,Memphis,Portland,[120 111]
2019-03-05,Minnesota,Minnesota,Oklahoma City,[131 120]
2019-03-05,Philadelphia,Philadelphia,Orlando,[114 106]
2019-03-05,Toronto,Houston,Toronto,[107  95]
2019-03-06,Atlanta,San Antonio,Atlanta,[111 104]
2019-03-06,Brooklyn,Brooklyn,Cleveland,[113 107]
2019-03-06,Chicago,Chicago,Philadelphia,[108 107]
2019-03-06,Charlotte,Miami,Charlotte,[91 84]
2019-03-06,Detroit,Detroit,Minnesota,[131 114]
2019-03-06,LA Lakers,Denver,LA Lakers,[115  99]
2019-03-06,New Orleans,Utah,New Orleans,[114 104]
2019-03-06,Phoenix,Phoenix,New York,[107  96]
2019-03-06,Sacramento,Boston,Sacramento,[111 109]
2019-03-06,Washington,Washington,Dallas,[132 123]
2019-03-07,Milwaukee,Milwaukee,Indiana,[117  98]
2019-03-07,Portland,Oklahoma City,Portland,[129 121]
2019-03-08,Chicago,Detroit,Chicago,[112 104]
2019-03-08,Charlotte,Charlotte,Washington,[112 111]
2019-03-08,Golden State,Golden State,Denver,[122 105]
2019-03-08,Houston,Houston,Philadelphia,[107  91]
2019-03-08,LA Clippers,LA Clippers,Oklahoma City,[118 110]
2019-03-08,Memphis,Memphis,Utah,[114 104]
2019-03-08,Miami,Miami,Cleveland,[126 110]
2019-03-08,New Orleans,Toronto,New Orleans,[127 104]
2019-03-08,Orlando,Orlando,Dallas,[111 106]
2019-03-09,Atlanta,Brooklyn,Atlanta,[114 112]
2019-03-09,LA Lakers,Boston,LA Lakers,[120 107]
2019-03-09,Milwaukee,Milwaukee,Charlotte,[131 114]
2019-03-09,Minnesota,Minnesota,Washington,[135 130]
2019-03-09,New York,Sacramento,New York,[102  94]
2019-03-09,Portland,Portland,Phoenix,[127 120]
2019-03-10,Atlanta,Atlanta,New Orleans,[128 116]
2019-03-10,Dallas,Houston,Dallas,[94 93]
2019-03-10,Detroit,Detroit,Chicago,[131 108]
2019-03-10,Golden State,Phoenix,Golden State,[115 111]
2019-03-10,Memphis,Memphis,Orlando,[105  97]
2019-03-10,Miami,Toronto,Miami,[125 104]
2019-03-10,Minnesota,Minnesota,New York,[103  92]
2019-03-10,Philadelphia,Philadelphia,Indiana,[106  89]
2019-03-10,San Antonio,San Antonio,Milwaukee,[121 114]
2019-03-11,Brooklyn,Brooklyn,Detroit,[103  75]
2019-03-11,Cleveland,Cleveland,Toronto,[126 101]
2019-03-11,Houston,Houston,Charlotte,[118 106]
2019-03-11,LA Clippers,LA Clippers,Boston,[140 115]
2019-03-11,Utah,Oklahoma City,Utah,[98 89]
2019-03-11,Washington,Washington,Sacramento,[121 115]
2019-03-12,Chicago,LA Lakers,Chicago,[123 107]
2019-03-12,Dallas,San Antonio,Dallas,[112 105]
2019-03-12,Denver,Denver,Minnesota,[133 107]
2019-03-12,Indiana,Indiana,New York,[103  98]
2019-03-12,LA Clippers,Portland,LA Clippers,[125 104]
2019-03-12,New Orleans,Milwaukee,New Orleans,[130 113]
2019-03-12,Philadelphia,Philadelphia,Cleveland,[106  99]
2019-03-13,Atlanta,Atlanta,Memphis,[132 111]
2019-03-13,Houston,Golden State,Houston,[106 104]
2019-03-13,Miami,Miami,Detroit,[108  74]
2019-03-13,Oklahoma City,Oklahoma City,Brooklyn,[108  96]
2019-03-13,Phoenix,Utah,Phoenix,[114  97]
2019-03-13,Washington,Washington,Orlando,[100  90]
2019-03-14,Boston,Boston,Sacramento,[126 120]
2019-03-14,Denver,Denver,Dallas,[100  99]
2019-03-14,Indiana,Indiana,Oklahoma City,[108 106]
2019-03-14,Orlando,Orlando,Cleveland,[120  91]
2019-03-14,Toronto,Toronto,LA Lakers,[111  98]
2019-03-14,Utah,Utah,Minnesota,[120 100]
2019-03-15,Detroit,Detroit,LA Lakers,[111  97]
2019-03-15,Houston,Houston,Phoenix,[108 102]
2019-03-15,LA Clippers,LA Clippers,Chicago,[128 121]
2019-03-15,Miami,Milwaukee,Miami,[113  98]
2019-03-15,New Orleans,Portland,New Orleans,[122 110]
2019-03-15,Philadelphia,Philadelphia,Sacramento,[123 114]
2019-03-15,San Antonio,San Antonio,New York,[109  83]
2019-03-15,Washington,Charlotte,Washington,[116 110]
2019-03-16,Boston,Boston,Atlanta,[129 120]
2019-03-16,Dallas,Dallas,Cleveland,[121 116]
2019-03-16,Denver,Denver,Indiana,[102 100]
2019-03-16,New Orleans,Phoenix,New Orleans,[138 136]
2019-03-16,Oklahoma City,Golden State,Oklahoma City,[110  88]
2019-03-16,San Antonio,San Antonio,Portland,[108 103]
2019-03-16,Utah,Utah,Brooklyn,[114  98]
2019-03-16,Washington,Washington,Memphis,[135 128]
2019-03-17,Detroit,Detroit,Toronto,[110 107]
2019-03-17,Houston,Houston,Minnesota,[117 102]
2019-03-17,LA Clippers,LA Clippers,Brooklyn,[119 116]
2019-03-17,Miami,Miami,Charlotte,[93 75]
2019-03-17,Milwaukee,Philadelphia,Milwaukee,[130 125]
2019-03-17,New York,New York,LA Lakers,[124 123]
2019-03-17,Orlando,Orlando,Atlanta,[101  91]
2019-03-17,Sacramento,Sacramento,Chicago,[129 102]
2019-03-18,Boston,Denver,Boston,[114 105]
2019-03-18,Cleveland,Cleveland,Detroit,[126 119]
2019-03-18,Dallas,New Orleans,Dallas,[129 125]
2019-03-18,Oklahoma City,Miami,Oklahoma City,[116 107]
2019-03-18,Phoenix,Chicago,Phoenix,[116 101]
2019-03-18,Portland,Portland,Indiana,[106  98]
2019-03-18,San Antonio,San Antonio,Golden State,[111 105]
2019-03-18,Toronto,Toronto,New York,[128  92]
2019-03-18,Washington,Utah,Washington,[116  95]
2019-03-19,Atlanta,Houston,Atlanta,[121 105]
2019-03-19,Charlotte,Philadelphia,Charlotte,[118 114]
2019-03-19,LA Clippers,LA Clippers,Indiana,[115 109]
2019-03-19,Milwaukee,Milwaukee,LA Lakers,[115 101]
2019-03-19,Minnesota,Golden State,Minnesota,[117 107]
2019-03-19,Sacramento,Brooklyn,Sacramento,[123 121]
2019-03-20,Chicago,Chicago,Washington,[126 120]
2019-03-20,Cleveland,Cleveland,Milwaukee,[107 102]
2019-03-20,Memphis,Memphis,Houston,[126 125]
2019-03-20,New York,Utah,New York,[137 116]
2019-03-20,Oklahoma City,Toronto,Oklahoma City,[123 114]
2019-03-20,Orlando,Orlando,New Orleans,[119  96]
2019-03-20,Philadelphia,Philadelphia,Boston,[118 115]
2019-03-20,Portland,Portland,Dallas,[126 118]
2019-03-20,San Antonio,Miami,San Antonio,[110 105]
2019-03-21,Atlanta,Atlanta,Utah,[117 114]
2019-03-21,Charlotte,Charlotte,Minnesota,[113 106]
2019-03-21,Golden State,Golden State,Indiana,[112  89]
2019-03-21,Phoenix,Detroit,Phoenix,[118  98]
2019-03-21,Sacramento,Sacramento,Dallas,[116 100]
2019-03-21,Washington,Denver,Washington,[113 108]
2019-03-22,Cleveland,LA Clippers,Cleveland,[110 108]
2019-03-22,Houston,Houston,San Antonio,[111 105]
2019-03-22,LA Lakers,Brooklyn,LA Lakers,[111 106]
2019-03-22,Milwaukee,Milwaukee,Miami,[116  87]
2019-03-22,New York,Denver,New York,[111  93]
2019-03-22,Orlando,Orlando,Memphis,[123 119]
2019-03-22,Toronto,Oklahoma City,Toronto,[116 109]
2019-03-23,Atlanta,Atlanta,Philadelphia,[129 127]
2019-03-23,Chicago,Utah,Chicago,[114  83]
2019-03-23,Charlotte,Charlotte,Boston,[124 117]
2019-03-23,Golden State,Dallas,Golden State,[126  91]
2019-03-23,Memphis,Minnesota,Memphis,[112  99]
2019-03-23,Portland,Portland,Detroit,[117 112]
2019-03-23,Sacramento,Sacramento,Phoenix,[112 103]
2019-03-23,Washington,Miami,Washington,[113 108]
2019-03-24,Boston,San Antonio,Boston,[115  96]
2019-03-24,Golden State,Golden State,Detroit,[121 114]
2019-03-24,Indiana,Indiana,Denver,[124  88]
2019-03-24,LA Lakers,LA Lakers,Sacramento,[111 106]
2019-03-24,Milwaukee,Milwaukee,Cleveland,[127 105]
2019-03-24,New Orleans,Houston,New Orleans,[113  90]
2019-03-24,New York,LA Clippers,New York,[124 113]
2019-03-24,Toronto,Charlotte,Toronto,[115 114]
2019-03-25,Memphis,Memphis,Oklahoma City,[115 103]
2019-03-25,Orlando,Orlando,Philadelphia,[119  98]
2019-03-25,Portland,Portland,Brooklyn,[148 144]
2019-03-25,Utah,Utah,Phoenix,[125  92]
2019-03-26,Charlotte,Charlotte,San Antonio,[125 116]
2019-03-26,Cleveland,Boston,Cleveland,[116 106]
2019-03-26,Dallas,Sacramento,Dallas,[125 121]
2019-03-26,Denver,Denver,Detroit,[95 92]
2019-03-26,LA Lakers,LA Lakers,Washington,[124 106]
2019-03-26,Miami,Orlando,Miami,[104  99]
2019-03-26,Milwaukee,Milwaukee,Houston,[108  94]
2019-03-26,Minnesota,LA Clippers,Minnesota,[122 111]
2019-03-26,New Orleans,Atlanta,New Orleans,[130 120]
2019-03-26,Toronto,Toronto,Chicago,[112 103]
2019-03-27,Chicago,Portland,Chicago,[118  98]
2019-03-27,Memphis,Golden State,Memphis,[118 103]
2019-03-27,Oklahoma City,Oklahoma City,Indiana,[107  99]
2019-03-27,Phoenix,Washington,Phoenix,[124 121]
2019-03-27,Utah,Utah,LA Lakers,[115 100]
2019-03-28,Detroit,Detroit,Orlando,[115  98]
2019-03-28,Houston,Houston,Denver,[112  85]
2019-03-28,Miami,Miami,Dallas,[105  99]
2019-03-28,Milwaukee,Milwaukee,LA Clippers,[128 118]
2019-03-28,New Orleans,New Orleans,Sacramento,[121 118]
2019-03-28,New York,Toronto,New York,[117  92]
2019-03-28,Philadelphia,Philadelphia,Brooklyn,[123 110]
2019-03-28,San Antonio,San Antonio,Cleveland,[116 110]
2019-03-29,Atlanta,Portland,Atlanta,[118  98]
2019-03-29,Boston,Boston,Indiana,[114 112]
2019-03-29,LA Lakers,LA Lakers,Charlotte,[129 115]
2019-03-29,Minnesota,Minnesota,Golden State,[131 130]
2019-03-29,Oklahoma City,Denver,Oklahoma City,[115 105]
2019-03-29,Utah,Utah,Washington,[128 124]
2019-03-30,Brooklyn,Brooklyn,Boston,[110  96]
2019-03-30,Chicago,Toronto,Chicago,[124 101]
2019-03-30,Detroit,Detroit,Portland,[99 90]
2019-03-30,Houston,Houston,Sacramento,[119 108]
2019-03-30,Indiana,Orlando,Indiana,[121 116]
2019-03-30,LA Clippers,LA Clippers,Cleveland,[132 108]
2019-03-30,Minnesota,Philadelphia,Minnesota,[118 109]
2019-03-30,New York,Miami,New York,[100  92]
2019-03-30,Phoenix,Memphis,Phoenix,[120 115]
2019-03-31,Atlanta,Atlanta,Milwaukee,[136 135]
2019-03-31,Denver,Washington,Denver,[95 90]
2019-03-31,Golden State,Golden State,Charlotte,[137  90]
2019-03-31,LA Clippers,LA Clippers,Memphis,[113  96]
2019-03-31,New Orleans,LA Lakers,New Orleans,[130 102]
2019-03-31,Oklahoma City,Dallas,Oklahoma City,[106 103]
2019-03-31,San Antonio,Sacramento,San Antonio,[113 106]
2019-04-01,Boston,Boston,Miami,[110 105]
2019-04-01,Brooklyn,Milwaukee,Brooklyn,[131 121]
2019-04-01,Dallas,Dallas,Philadelphia,[122 102]
2019-04-01,Indiana,Indiana,Detroit,[111 102]
2019-04-01,Minnesota,Portland,Minnesota,[132 122]
2019-04-01,New York,New York,Chicago,[113 105]
2019-04-01,Phoenix,Phoenix,Cleveland,[122 113]
2019-04-01,Toronto,Toronto,Orlando,[121 109]
2019-04-01,Utah,Utah,Charlotte,[111 102]
2019-04-02,Golden State,Golden State,Denver,[116 102]
2019-04-02,Oklahoma City,Oklahoma City,LA Lakers,[119 103]
2019-04-02,Sacramento,Houston,Sacramento,[130 105]
2019-04-02,San Antonio,San Antonio,Atlanta,[117 111]
2019-04-03,Atlanta,Atlanta,Philadelphia,[130 122]
2019-04-03,Brooklyn,Toronto,Brooklyn,[115 105]
2019-04-03,Dallas,Minnesota,Dallas,[110 108]
2019-04-03,Denver,Denver,San Antonio,[113  85]
2019-04-03,Detroit,Indiana,Detroit,[108  89]
2019-04-03,LA Clippers,Houston,LA Clippers,[135 103]
2019-04-03,Miami,Boston,Miami,[112 102]
2019-04-03,New Orleans,Charlotte,New Orleans,[115 109]
2019-04-03,Orlando,Orlando,New York,[114 100]
2019-04-03,Phoenix,Utah,Phoenix,[118  97]
2019-04-03,Portland,Portland,Memphis,[116  89]
2019-04-03,Washington,Chicago,Washington,[115 114]
2019-04-04,LA Lakers,Golden State,LA Lakers,[108  90]
2019-04-04,Philadelphia,Milwaukee,Philadelphia,[128 122]
2019-04-04,Sacramento,Sacramento,Cleveland,[117 104]
2019-04-05,Charlotte,Charlotte,Toronto,[113 111]
2019-04-05,Dallas,Memphis,Dallas,[122 112]
2019-04-05,Denver,Denver,Portland,[119 110]
2019-04-05,Golden State,Golden State,Cleveland,[120 114]
2019-04-05,Houston,Houston,New York,[120  96]
2019-04-05,Indiana,Boston,Indiana,[117  97]
2019-04-05,LA Clippers,LA Lakers,LA Clippers,[122 117]
2019-04-05,Minnesota,Minnesota,Miami,[111 109]
2019-04-05,Oklahoma City,Oklahoma City,Detroit,[123 110]
2019-04-05,Orlando,Orlando,Atlanta,[149 113]
2019-04-05,Phoenix,Phoenix,New Orleans,[133 126]
2019-04-05,Utah,Utah,Sacramento,[119  98]
2019-04-05,Washington,San Antonio,Washington,[129 112]
2019-04-06,Chicago,Philadelphia,Chicago,[116  96]
2019-04-06,Milwaukee,Brooklyn,Milwaukee,[133 128]
2019-04-07,Boston,Orlando,Boston,[116 108]
2019-04-07,Cleveland,San Antonio,Cleveland,[112  90]
2019-04-07,Detroit,Charlotte,Detroit,[104  91]
2019-04-07,Golden State,Golden State,LA Clippers,[131 104]
2019-04-07,Houston,Houston,Phoenix,[149 113]
2019-04-07,Indiana,Brooklyn,Indiana,[108  96]
2019-04-07,LA Lakers,LA Lakers,Utah,[113 109]
2019-04-07,Memphis,Dallas,Memphis,[129 127]
2019-04-07,Milwaukee,Milwaukee,Atlanta,[115 107]
2019-04-07,Minnesota,Oklahoma City,Minnesota,[132 126]
2019-04-07,New York,New York,Washington,[113 110]
2019-04-07,Portland,Portland,Denver,[115 108]
2019-04-07,Sacramento,New Orleans,Sacramento,[133 129]
2019-04-07,Toronto,Toronto,Miami,[117 109]
2019-04-09,Chicago,New York,Chicago,[96 86]
2019-04-09,Cleveland,Charlotte,Cleveland,[124  97]
2019-04-09,Dallas,Dallas,Phoenix,[120 109]
2019-04-09,Detroit,Detroit,Memphis,[100  93]
2019-04-09,LA Lakers,Portland,LA Lakers,[104 101]
2019-04-09,Miami,Miami,Philadelphia,[122  99]
2019-04-09,Minnesota,Toronto,Minnesota,[120 100]
2019-04-09,New Orleans,Golden State,New Orleans,[112 103]
2019-04-09,Oklahoma City,Oklahoma City,Houston,[112 111]
2019-04-09,Utah,Utah,Denver,[118 108]
2019-04-09,Washington,Boston,Washington,[116 110]
2019-04-10,Atlanta,Indiana,Atlanta,[135 134]
2019-04-10,Brooklyn,Brooklyn,Miami,[113  94]
2019-04-10,Charlotte,Orlando,Charlotte,[122 114]
2019-04-10,Denver,Denver,Minnesota,[99 95]
2019-04-10,LA Clippers,LA Clippers,Utah,[143 137]
2019-04-10,Memphis,Memphis,Golden State,[132 117]
2019-04-10,Milwaukee,Oklahoma City,Milwaukee,[127 116]
2019-04-10,New York,Detroit,New York,[115  89]
2019-04-10,Philadelphia,Philadelphia,Chicago,[125 109]
2019-04-10,Portland,Portland,Sacramento,[136 131]
2019-04-10,San Antonio,San Antonio,Dallas,[105  94]
2019-04-13,Denver,San Antonio,Denver,[101  96]
2019-04-13,Golden State,Golden State,LA Clippers,[121 104]
2019-04-13,Philadelphia,Brooklyn,Philadelphia,[111 102]
2019-04-13,Toronto,Orlando,Toronto,[104 101]
2019-04-14,Boston,Boston,Indiana,[84 74]
2019-04-14,Houston,Houston,Utah,[122  90]
2019-04-14,Milwaukee,Milwaukee,Detroit,[121  86]
2019-04-14,Portland,Portland,Oklahoma City,[104  99]
2019-04-15,Golden State,LA Clippers,Golden State,[135 131]
2019-04-15,Philadelphia,Philadelphia,Brooklyn,[145 123]
2019-04-16,Denver,Denver,San Antonio,[114 105]
2019-04-16,Portland,Portland,Oklahoma City,[114  94]
2019-04-16,Toronto,Toronto,Orlando,[111  82]
2019-04-17,Boston,Boston,Indiana,[99 91]
2019-04-17,Houston,Houston,Utah,[118  98]
2019-04-17,Milwaukee,Milwaukee,Detroit,[120  99]
2019-04-18,Brooklyn,Philadelphia,Brooklyn,[131 115]
2019-04-18,LA Clippers,Golden State,LA Clippers,[132 105]
2019-04-18,San Antonio,San Antonio,Denver,[118 108]
2019-04-19,Indiana,Boston,Indiana,[104  96]
2019-04-19,Oklahoma City,Oklahoma City,Portland,[120 108]
2019-04-19,Orlando,Toronto,Orlando,[98 93]
2019-04-20,Brooklyn,Philadelphia,Brooklyn,[112 108]
2019-04-20,Detroit,Milwaukee,Detroit,[119 103]
2019-04-20,San Antonio,Denver,San Antonio,[117 103]
2019-04-20,Utah,Houston,Utah,[104 101]
2019-04-21,Indiana,Boston,Indiana,[110 106]
2019-04-21,LA Clippers,Golden State,LA Clippers,[113 105]
2019-04-21,Oklahoma City,Portland,Oklahoma City,[111  98]
2019-04-21,Orlando,Toronto,Orlando,[107  85]
2019-04-22,Detroit,Milwaukee,Detroit,[127 104]
2019-04-22,Utah,Utah,Houston,[107  91]
2019-04-23,Denver,Denver,San Antonio,[108  90]
2019-04-23,Philadelphia,Philadelphia,Brooklyn,[122 100]
2019-04-23,Portland,Portland,Oklahoma City,[118 115]
2019-04-23,Toronto,Toronto,Orlando,[115  96]
2019-04-24,Golden State,LA Clippers,Golden State,[129 121]
2019-04-24,Houston,Houston,Utah,[100  93]
2019-04-25,San Antonio,San Antonio,Denver,[120 103]
2019-04-26,LA Clippers,Golden State,LA Clippers,[129 110]
2019-04-27,Denver,Denver,San Antonio,[90 86]
2019-04-27,Toronto,Toronto,Philadelphia,[108  95]
2019-04-28,Golden State,Golden State,Houston,[104 100]
2019-04-28,Milwaukee,Boston,Milwaukee,[112  90]
2019-04-29,Denver,Denver,Portland,[121 113]
2019-04-29,Toronto,Philadelphia,Toronto,[94 89]
2019-04-30,Golden State,Golden State,Houston,[115 109]
2019-04-30,Milwaukee,Milwaukee,Boston,[123 102]
2019-05-01,Denver,Portland,Denver,[97 90]
2019-05-02,Philadelphia,Philadelphia,Toronto,[116  95]
2019-05-03,Boston,Milwaukee,Boston,[123 116]
2019-05-03,Portland,Portland,Denver,[140 137]
2019-05-04,Houston,Houston,Golden State,[126 121]
2019-05-05,Philadelphia,Toronto,Philadelphia,[101  96]
2019-05-05,Portland,Denver,Portland,[116 112]
2019-05-06,Boston,Milwaukee,Boston,[113 101]
2019-05-06,Houston,Houston,Golden State,[112 108]
2019-05-07,Denver,Denver,Portland,[124  98]
2019-05-07,Toronto,Toronto,Philadelphia,[125  89]
2019-05-08,Golden State,Golden State,Houston,[104  99]
2019-05-08,Milwaukee,Milwaukee,Boston,[116  91]
2019-05-09,Philadelphia,Philadelphia,Toronto,[112 101]
2019-05-09,Portland,Portland,Denver,[119 108]
2019-05-10,Houston,Golden State,Houston,[118 113]
2019-05-12,Denver,Portland,Denver,[100  96]
2019-05-12,Toronto,Toronto,Philadelphia,[92 90]
2019-05-14,Golden State,Golden State,Portland,[116  94]
2019-05-15,Milwaukee,Milwaukee,Toronto,[108 100]
2019-05-16,Golden State,Golden State,Portland,[114 111]
2019-05-17,Milwaukee,Milwaukee,Toronto,[125 103]
2019-05-18,Portland,Golden State,Portland,[110  99]
2019-05-19,Toronto,Toronto,Milwaukee,[118 112]
2019-05-20,Portland,Golden State,Portland,[119 117]
2019-05-21,Toronto,Toronto,Milwaukee,[120 102]
2019-05-23,Milwaukee,Toronto,Milwaukee,[105  99]
2019-05-25,Toronto,Toronto,Milwaukee,[100  94]
2019-05-30,Toronto,Toronto,Golden State,[118 109]
2019-06-02,Toronto,Golden State,Toronto,[109 104]
2019-06-05,Golden State,Toronto,Golden State,[123 109]
2019-06-07,Golden State,Toronto,Golden State,[105  92]
2019-06-10,Toronto,Golden State,Toronto,[106 105]
2019-06-13,Golden State,Toronto,Golden State,[114 110]
